tamanio,tiempo
10,0.002428
15,0.001367
20,0.001061
25,0.000886
30,0.001185
