tamanio,tiempo
1000,0.000003
10000,0.000015
100000,0.000162
1000000,0.001505
10000000,0.018008
